<?xml version="1.0" encoding="UTF-8" standalone="yes"?>
<manifest>
  <control namespace="QRcode" constructor="QRcode" version="0.0.1" display-name-key="QRcode" description-key="QRcode description" control-type="standard" api-version="1.2.3">
    <property name="QRvalue" display-name-key="QRvalue" description-key="QR码内容值字段" of-type="SingleLine.Text" usage="bound" required="true"/>
    <resources>
      <code path="bundle.js" order="1"/>
      <css path="css/style.css" order="1"/>
    </resources>
    <built-by name="pac" version="1.3.6"/>
  </control>
</manifest>